<?xml version="1.0" encoding="UTF-8"?>
<beans xmlns="http://www.springframework.org/schema/beans"
	xmlns:xsi="http://www.w3.org/2001/XMLSchema-instance" xmlns:context="http://www.springframework.org/schema/context"
	xmlns:mvc="http://www.springframework.org/schema/mvc"
	xsi:schemaLocation="http://www.springframework.org/schema/beans
         http://www.springframework.org/schema/beans/spring-beans.xsd
         http://www.springframework.org/schema/context
         http://www.springframework.org/schema/context/spring-context.xsd
         http://www.springframework.org/schema/mvc
		 http://www.springframework.org/schema/mvc/spring-mvc-3.2.xsd">


	<context:component-scan base-package="cn.bluemobi.admin">
		<context:exclude-filter type="annotation"
			expression="org.springframework.stereotype.Service" />
	</context:component-scan>

	<context:component-scan base-package="cn.bluemobi.site">
		<context:exclude-filter type="annotation"
			expression="org.springframework.stereotype.Service" />
	</context:component-scan>

	<mvc:annotation-driven
		content-negotiation-manager="contentNegotiationManager" />

	<bean id="contentNegotiationManager"
		class="org.springframework.web.accept.ContentNegotiationManagerFactoryBean">
		<property name="favorPathExtension" value="false" />
		<property name="favorParameter" value="false" />
		<property name="ignoreAcceptHeader" value="false" />
		<property name="mediaTypes">
			<value>
				atom=application/atom+xml
				html=text/html
				json=application/json
				*=*/*
			</value>
		</property>
	</bean>


	<mvc:interceptors>
		<mvc:interceptor>
			<mvc:mapping path="/app/circulatedPicture/getCirculatedPicture.htm" />
			<bean class="cn.bluemobi.site.interceptor.AppRequestInterceptor"></bean>
		</mvc:interceptor>

		<!-- 测试拦截器 -->
		<mvc:interceptor>
			<mvc:mapping path="/app/version/checkVersion.htm" />
			<mvc:mapping path="/app/startPage/getStartPageList.htm" />
			<mvc:mapping path="/app/navigatedPage/getNavigatedPageList.htm" />
			<mvc:mapping path="/app/agreement/getAgreement.htm" />
			<mvc:mapping path="/app/circulatedPicture/getCirculatedPicture.htm" />
			<bean class="cn.bluemobi.site.interceptor.MyRequestInterceptor"></bean>
		</mvc:interceptor>
	</mvc:interceptors>

	<bean
		class="org.springframework.web.servlet.view.InternalResourceViewResolver">
		<property name="prefix" value="/WEB-INF/page/" />
		<property name="suffix" value=".jsp" />
	</bean>

	<bean id="multipartResolver"
		class="org.springframework.web.multipart.commons.CommonsMultipartResolver">
		<property name="defaultEncoding" value="utf-8"></property>
		<property name="maxUploadSize" value="10485760000000" />
		<property name="maxInMemorySize" value="40960"></property>
	</bean>

</beans>