<?xml version="1.0" encoding="UTF-8"?>
<beans:beans xmlns="http://www.springframework.org/schema/security"
  xmlns:beans="http://www.springframework.org/schema/beans"
  xmlns:xsi="http://www.w3.org/2001/XMLSchema-instance"
  xsi:schemaLocation="http://www.springframework.org/schema/beans
           http://www.springframework.org/schema/beans/spring-beans-3.0.xsd
           http://www.springframework.org/schema/security
           http://www.springframework.org/schema/security/spring-security-3.1.xsd">
     
   	<http pattern="/**/*.jpg" security="none" />
	<http pattern="/**/*.png" security="none" />
	<http pattern="/**/*.gif" security="none" />
	<http pattern="/**/*.css" security="none" />
	<http pattern="/**/*.js" security="none" />
	
	<!-- 用户协议不进行权限管理 -->
	<http pattern="/app/**/*.*" security="none" />
   	
	<beans:bean id="customWebInvocationPrivilegeEvaluator" class="org.springframework.security.web.access.DefaultWebInvocationPrivilegeEvaluator">
		<beans:constructor-arg name="securityInterceptor" ref="customFilter" />    
	</beans:bean> 
	
	<http auto-config="true" access-denied-page="/admin/auth/access.htm" >
		<form-login login-page='/admin/auth/login.htm' authentication-success-handler-ref="sysAuthenticationSuccessHandler"/>
		<session-management invalid-session-url="/admin/auth/login.htm" >
			<concurrency-control max-sessions="1" error-if-maximum-exceeded="false" expired-url="/admin/auth/login.htm"/>
		</session-management>
		<custom-filter ref="validCodeAuthenticationFilter" before="FORM_LOGIN_FILTER"/>	
		<custom-filter ref="customFilter" before="FILTER_SECURITY_INTERCEPTOR" />
	</http>
	
	<beans:bean id="validCodeAuthenticationFilter" class="cn.bluemobi.admin.security.ValidCodeAuthenticationFilter">	
		<beans:property name="authenticationSuccessHandler" ref="sysAuthenticationSuccessHandler" />
		<beans:property name="authenticationFailureHandler" ref="simpleUrlAuthenticationFailureHandler" /> 
		<beans:property name="authenticationManager" ref="authenticationManager" />
	</beans:bean>
	
	<!-- 自定义认证成功handler -->
	<beans:bean id="sysAuthenticationSuccessHandler" class="cn.bluemobi.admin.security.SysAuthenticationSuccessHandler">
		<beans:property name="defaultTargetUrl" value="/admin/auth/main.htm"/>
		<beans:property name="alwaysUseDefaultTargetUrl" value="true"/>
	</beans:bean>
	
	<!-- 认证失败handler -->
	<beans:bean id="simpleUrlAuthenticationFailureHandler" class="org.springframework.security.web.authentication.SimpleUrlAuthenticationFailureHandler">  
  		<beans:property name="defaultFailureUrl" value="/admin/auth/login.htm?error=true" />  
 	</beans:bean>
	
	<!-- 配置过滤器 -->
	<beans:bean id="customFilter" class="cn.bluemobi.admin.security.FilterSecurityInterceptor">
		<beans:property name="authenticationManager" ref="authenticationManager" />
		<beans:property name="accessDecisionManager" ref="sysAccessDecisionManager" />
		<beans:property name="securityMetadataSource" ref="securityMetadataSourceService" />
	</beans:bean>
	
	<!-- 认证管理器 -->
	<authentication-manager alias="authenticationManager">
		<authentication-provider user-service-ref="sysUserDetailService">
			<password-encoder hash="sha">
				<salt-source user-property="username"/>
			</password-encoder>
		</authentication-provider>	
	</authentication-manager>
	
	<!-- 自定义角色权限对应信息 -->
	<beans:bean id="securityMetadataSourceService" class="cn.bluemobi.admin.security.SecurityMetadataSourceService" init-method="loadRoleAuthInfo">
		<beans:property name="sysRoleService" ref="sysRoleServiceImpl" />  
        <beans:property name="sysAuthService" ref="sysAuthServiceImpl" />  
	</beans:bean>
	
</beans:beans>
		 