<?xml version="1.0" encoding="UTF-8"?>
<!DOCTYPE mapper PUBLIC "-//mybatis.org//DTD Mapper 3.0//EN" "http://mybatis.org/dtd/mybatis-3-mapper.dtd">
<mapper namespace="cn.bluemobi.site.dao.mybatis.MemberTokenMapper">
	<resultMap type="memberToken" id="memberTokenMap">
		<id column="id" property="id" />
		<result column="token_key" property="tokenKey" />
		<result column="user_id" property="userId" />
		<result column="login_phone_type" property="loginPhoneType" />
		<result column="aes_key" property="aesKey" />
		<result column="rsa_pub" property="rsaPub" />
		<result column="rsa_pri" property="rsaPri" />
		<result column="rsa_createtime" property="rsaCreateTime" />
	</resultMap>

	<sql id="sql_member_token_col_list">
		ID,TOKEN_KEY,USER_ID,LOGIN_PHONE_TYPE,AES_KEY,RSA_PUB,RSA_PRI,RSA_CREATETIME
	</sql>


	<select id="getMemberToken" resultType="java.lang.Integer"
		parameterType="memberToken">
		SELECT
		COUNT(1)
		FROM T_MEMBER_TOKEN
		WHERE
		USER_ID=#{userId}
		AND TOKEN_KEY=#{tokenKey}
	</select>

	<select id="getMemberTokenByUserID" resultType="java.lang.Integer"
		parameterType="java.lang.String">
		SELECT
		COUNT(1)
		FROM T_MEMBER_TOKEN
		WHERE
		USER_ID=#{userId}
	</select>

	<insert id="insertMemberToken" parameterType="memberToken">

		INSERT INTO T_MEMBER_TOKEN
		(
		<include refid="sql_member_token_col_list"></include>
		)
		VALUES(F_GETUUID(),#{tokenKey},#{userId},#{loginPhoneType},#{aesKey},#{rsaPub},#{rsaPri},#{rsaCreateTime})
	</insert>

	<update id="updateMemberToken" parameterType="memberToken">
		UPDATE
		T_MEMBER_TOKEN
		SET token_key=#{tokenKey}
		WHERE USER_ID=#{userId}
	</update>

</mapper>