<?xml version="1.0" encoding="UTF-8"?>
<!DOCTYPE mapper PUBLIC "-//mybatis.org//DTD Mapper 3.0//EN" "http://mybatis.org/dtd/mybatis-3-mapper.dtd">
<mapper namespace="cn.bluemobi.admin.dao.mybatis.ActivityMapper">
	<resultMap type="activity" id="activityMap">
		<id column="id" property="id" />
		<result column="agr_name" property="agrName" />
		<result column="agr_context" property="agrContext" />
		<result column="isuse" property="isUse" />
		<result column="creator" property="creator" />
		<result column="create_time" property="createTime" />
		<result column="last_mod_user" property="lastModUser" />
		<result column="last_mod_time" property="lastModTime" />
	</resultMap>

	<sql id="sql_activity_col_list">
		ID,AGR_NAME,AGR_CONTEXT,ISUSE,CREATER,CREATETIME,LASTUPDATER,LASTUPDATETIME
	</sql>

	<select id="getActivitysForPage" parameterType="java.util.Map"
		resultMap="activityMap">
		SELECT
		<include refid="sql_activity_col_list"></include>
		FROM
		T_AGREEMENT
		<where>
			<if test="agrName!=null">AGR_NAME LIKE CONCAT('%',#{agrName},'%')</if>
		</where>
		ORDER BY CREATETIME DESC
		LIMIT #{startNo},#{pageSize}
	</select>

	<select id="getActivitysCount" parameterType="java.util.Map"
		resultType="java.lang.Long">
		SELECT
		COUNT(1)
		FROM
		T_AGREEMENT
		<where>
			<if test="agrName!=null">AGR_NAME LIKE CONCAT('%',#{agrName},'%')</if>
		</where>
	</select>

	<insert id="addActivity" parameterType="activity">
		<selectKey order="BEFORE" keyColumn="id" keyProperty="id"
			resultType="java.lang.String">
			SELECT
			F_GETUUID()
		</selectKey>

		INSERT INTO T_AGREEMENT(
		<include refid="sql_activity_col_list"></include>
		)
		VALUES(#{id},#{agrName},#{agrContext},#{isUse},#{creater},#{createTime},#{lastUpdater},#{lastUpdateTime})
	</insert>

	<update id="updateActivity" parameterType="activity">
		UPDATE T_AGREEMENT
		<set>
			<if test="agrName!=null">AGR_NAME=#{agrName},</if>
			<if test="agrContext!=null">AGR_CONTEXT=#{agrContext},</if>
			<if test="isUse!=null">isUse=#{isUse},</if>
			<if test="lastUpdater!=null">lastUpdater=#{lastUpdater},</if>
			<if test="lastUpdateTime!=null">lastUpdateTime=#{lastUpdateTime}</if>
		</set>
		WHERE ID=#{id}
	</update>

	<delete id="deleteActivity" parameterType="java.lang.String">
		DELETE FROM
		T_AGREEMENT WHERE ID=#{id}
	</delete>


	<select id="getActivity" parameterType="java.util.Map"
		resultMap="activityMap">
		SELECT
		<include refid="sql_activity_col_list"></include>
		FROM
		T_AGREEMENT
		WHERE
		ISUSE=#{status}
		limit 0,1
	</select>



	<update id="updateActivityState" parameterType="activity">
		UPDATE
		T_AGREEMENT
		SET isuse=0,
		lastUpdater=#{lastUpdater},
		lastUpdateTime=NOW()
		WHERE
		ID!=#{id}
	</update>

	<select id="getActivityForCombobox" parameterType="java.util.Map"
		resultType="java.util.Map">
		SELECT ID,ACT_NAME AS ACTNAME FROM T_ACTIVITY WHERE STATE=1
	</select>


</mapper>