<?xml version="1.0" encoding="UTF-8"?>
<!DOCTYPE mapper PUBLIC "-//mybatis.org//DTD Mapper 3.0//EN" "http://mybatis.org/dtd/mybatis-3-mapper.dtd">
<mapper namespace="cn.bluemobi.admin.dao.mybatis.AgreementMapper">
	<resultMap type="agreement" id="agreementMap">
		<id column="id" property="id" />
		<result column="agr_name" property="agrName" />
		<result column="agr_context" property="agrContext" />
		<result column="isuse" property="isUse" />
		<result column="creater" property="creater" />
		<result column="createtime" property="createTime" />
		<result column="lastupdater" property="lastUpdater" />
		<result column="lastupdatetime" property="lastUpdateTime" />
	</resultMap>

	<sql id="sql_agreement_col_list">
		ID,AGR_NAME,AGR_CONTEXT,ISUSE,CREATER,CREATETIME,LASTUPDATER,LASTUPDATETIME
	</sql>

	<select id="getAgreementsForPage" parameterType="java.util.Map"
		resultMap="agreementMap">
		SELECT
		<include refid="sql_agreement_col_list"></include>
		FROM
		T_AGREEMENT
		<where>
			<if test="agrName!=null">AGR_NAME LIKE CONCAT('%',#{agrName},'%')</if>
		</where>
		ORDER BY CREATETIME DESC
		LIMIT #{startNo},#{pageSize}
	</select>

	<select id="getAgreementsCount" parameterType="java.util.Map"
		resultType="java.lang.Long">
		SELECT
		COUNT(1)
		FROM
		T_AGREEMENT
		<where>
			<if test="agrName!=null">AGR_NAME LIKE CONCAT('%',#{agrName},'%')</if>
		</where>
	</select>

	<insert id="addAgreement" parameterType="agreement">
		<selectKey order="BEFORE" keyColumn="id" keyProperty="id"
			resultType="java.lang.String">
			SELECT
			F_GETUUID()
		</selectKey>

		INSERT INTO T_AGREEMENT(
		<include refid="sql_agreement_col_list"></include>
		)
		VALUES(#{id},#{agrName},#{agrContext},#{isUse},#{creater},#{createTime},#{lastUpdater},#{lastUpdateTime})
	</insert>

	<update id="updateAgreement" parameterType="agreement">
		UPDATE T_AGREEMENT
		<set>
			<if test="agrName!=null">AGR_NAME=#{agrName},</if>
			<if test="agrContext!=null">AGR_CONTEXT=#{agrContext},</if>
			<if test="isUse!=null">isUse=#{isUse},</if>
			<if test="lastUpdater!=null">lastUpdater=#{lastUpdater},</if>
			<if test="lastUpdateTime!=null">lastUpdateTime=#{lastUpdateTime}</if>
		</set>
		WHERE ID=#{id}
	</update>

	<delete id="deleteAgreement" parameterType="java.lang.String">
		DELETE FROM
		T_AGREEMENT WHERE ID=#{id}
	</delete>


	<select id="getAgreement" parameterType="java.util.Map"
		resultMap="agreementMap">
		SELECT
		<include refid="sql_agreement_col_list"></include>
		FROM
		T_AGREEMENT
		WHERE
		ISUSE=#{status}
		limit 0,1
	</select>



	<update id="updateAgreementState" parameterType="agreement">
		UPDATE
		T_AGREEMENT
		SET isuse=0,
		lastUpdater=#{lastUpdater},
		lastUpdateTime=NOW()
		WHERE
		ID!=#{id}
	</update>


</mapper>