<?xml version="1.0" encoding="UTF-8" ?>
<!DOCTYPE mapper PUBLIC "-//mybatis.org//DTD Mapper 3.0//EN" "http://mybatis.org/dtd/mybatis-3-mapper.dtd" >
<mapper namespace="cn.bluemobi.admin.dao.mybatis.AreaMapper">
	<resultMap id="areaMap" type="area">
		<id column="ID" property="id" />
		<result column="area_name" property="areaName" />
		<result column="abbr" property="abbr" />
		<result column="sort" property="sort" />
		<result column="creator" property="creator" />
		<result column="create_time" property="createTime" />
		<result column="createtimestr" property="createTimeStr" />
	</resultMap>


	<sql id="sql_area_col_list">
		ID, area_name, abbr, sort, creator, create_time
	</sql>

	<select id="getAreasForPage" resultMap="areaMap" parameterType="java.lang.String">
		select
		<include refid="sql_area_col_list" />
		from t_area
		<where>
			<if test="areaName!=null"> area_name like concat('%',#{areaName},'%')</if>
		</where>
		order by sort
	</select>

	<select id="getAreasCount" resultType="java.lang.Long"
		parameterType="java.lang.String">
		select
		count(1)
		from t_area
		<where>
			<if test="areaName!=null"> area_name like concat('%',#{areaName},'%')</if>
		</where>
	</select>


	<select id="getMaxSort" resultType="java.lang.Integer">
		select
		max(sort)
		from t_area
	</select>


	<delete id="deleteArea" parameterType="java.lang.String">
		delete from t_area
		where
		ID= #{id}
	</delete>

	<insert id="insertArea" parameterType="area">
		insert into t_area (
		<include refid="sql_area_col_list" />
		)
		values
		(f_getUUID(),
		#{areaName},
		#{abbr},
		#{sort},
		#{creator},
		now()
		)
	</insert>

</mapper>