<?xml version="1.0" encoding="UTF-8"?>
<!DOCTYPE mapper PUBLIC "-//mybatis.org//DTD Mapper 3.0//EN" "http://mybatis.org/dtd/mybatis-3-mapper.dtd">
<mapper namespace="cn.bluemobi.admin.dao.mybatis.CirculatedPictureMapper">
	<resultMap type="circulatedPicture" id="circulatedPictureMap">
		<id column="id" property="id" />
		<result column="title" property="title" />
		<result column="sort" property="sort" />
		<result column="state" property="state" />
		<result column="type" property="type" />
		<result column="typeStr" property="typeStr" />
		<result column="ref_id" property="refId" />
		<result column="remark" property="remark" />
		<result column="creator" property="creator" />
		<result column="CREATORSTR" property="creatorStr" />
		<result column="create_time" property="createTime" />
		<result column="last_mod_user" property="lastModUser" />
		<result column="last_mod_time" property="lastModTime" />
		<result column="img_url" property="imgUrl" />
	</resultMap>

	<sql id="sql_cp_col_list">
		ID,TITLE,SORT,STATE,TYPE,T_CIRCULATED_PICTURE.REF_ID,REMARK,CREATOR,T_CIRCULATED_PICTURE.CREATE_TIME,LAST_MOD_USER,LAST_MOD_TIME
	</sql>

	<insert id="insertCirculatedPicture" parameterType="circulatedPicture">
		<selectKey order="BEFORE" resultType="java.lang.String"
			keyColumn="id" keyProperty="id">
			SELECT f_getUUID()
		</selectKey>

		INSERT INTO T_CIRCULATED_PICTURE (
		<include refid="sql_cp_col_list" />
		)
		VALUES(#{id},#{title},#{sort},#{state},#{type},#{refId},#{remark},#{creator},now(),#{lastModUser},#{lastModTime})
	</insert>

	<update id="updateCirculatedPicture" parameterType="circulatedPicture">
		UPDATE T_CIRCULATED_PICTURE
		<set>
			last_Mod_Time=now(),
			<if test="type!=null">type=#{type},</if>
			<if test="title!=null">title=#{title},</if>
			<if test="refId!=null">ref_Id=#{refId},</if>
			<if test="sort!=null">sort=#{sort},</if>
			<if test="remark!=null">remark=#{remark},</if>
			<if test="state!=null">state=#{state},</if>
			<if test="lastModUser!=null">last_Mod_User=#{lastModUser}</if>
		</set>
		WHERE ID=#{id}
	</update>

	<delete id="deleteCirculatedPicture" parameterType="java.lang.String">
		DELETE FROM
		T_CIRCULATED_PICTURE WHERE ID =#{id}
	</delete>

	<sql id="sql_select_clause">
		SELECT
		<include refid="sql_cp_col_list"></include>
		,CODELABEL as typeStr,CONCAT( #{http},img_url) as img_url,u.user_name
		as CREATORSTR
		FROM
		T_CIRCULATED_PICTURE LEFT
		JOIN (SELECT
		CODELABEL,CODEVALUE FROM
		T_SYS_CODE WHERE CODE='LBTLX') T
		ON
		T_CIRCULATED_PICTURE.type=T.CODEVALUE
		LEFT JOIN T_IMAGE_FILE f
		ON
		f.ref_id=T_CIRCULATED_PICTURE.id and f.img_type='CP' left join
		t_sys_user u on T_CIRCULATED_PICTURE.creator=u.user_id
	</sql>

	<select id="getCirculatedPictureByNameForPage" parameterType="java.util.Map"
		resultMap="circulatedPictureMap">
		<include refid="sql_select_clause"></include>
		<where>
			<if test="remark!=null">remark like concat('%',#{remark},'%')</if>
			<if test="state!=null">AND state=#{state}</if>
		</where>
		ORDER BY SORT
		LIMIT #{startNo},#{pageSize}
	</select>

	<select id="getCirculatedPictureCount" parameterType="java.util.Map"
		resultType="java.lang.Long">
		SELECT
		count(1)
		FROM T_CIRCULATED_PICTURE
		<where>
			<if test="imgName!=null">imgname like concat('%',#{imgName},'%') </if>
		</where>
	</select>

	<select id="getCirculatedPictureById" parameterType="java.util.Map"
		resultMap="circulatedPictureMap">
		<include refid="sql_select_clause"></include>
		WHERE ID=#{id}
	</select>

	<select id="getMaxSort" resultType="java.lang.Integer">
		SELECT
		MAX(SORT) sort FROM
		T_CIRCULATED_PICTURE
	</select>

	<select id="getCirculatedPictureBySort" parameterType="java.lang.Integer"
		resultType="java.lang.Integer">
		SELECT count(1) FROM T_CIRCULATED_PICTURE WHERE
		SORT=#{sort}
	</select>


	<select id="getCirculatedPictureList" parameterType="java.util.Map"
		resultType="java.util.Map">
		SELECT IMGNAME as iname,IMGURL as ipath,DETAILS as dtl,SORT
		as s
		FROM T_SHUFFLING_FIGURE
		WHERE ISUSE=#{status} and
		protype=#{protype}
		ORDER BY SORT
	</select>

</mapper>