<?xml version="1.0" encoding="UTF-8" ?>
<!DOCTYPE mapper PUBLIC "-//mybatis.org//DTD Mapper 3.0//EN" "http://mybatis.org/dtd/mybatis-3-mapper.dtd" >
<mapper namespace="cn.bluemobi.admin.dao.mybatis.CityMapper">
	<resultMap id="cityMap" type="city">
		<id column="id" property="id" />
		<result column="type" property="type" />
		<result column="name" property="name" />
		<result column="abbr" property="abbr" />
		<result column="parent_id" property="parentId" />
	</resultMap>


	<sql id="sql_city_col_list">
		id, type, name, abbr, parent_id
	</sql>

	<select id="getProvinceList" resultMap="cityMap">
		select
		<include refid="sql_city_col_list" />
		from t_city
		where type=1 
		order by id
	</select>

	<select id="getCityListByProvince" resultMap="cityMap"
		parameterType="java.lang.String">
		select
		<include refid="sql_city_col_list" />
		from t_city
		where parent_id = #{id}
		and type=2 order by id
	</select>

</mapper>