<?xml version="1.0" encoding="UTF-8"?>
<!DOCTYPE mapper PUBLIC "-//mybatis.org//DTD Mapper 3.0//EN" "http://mybatis.org/dtd/mybatis-3-mapper.dtd">
<mapper namespace="cn.bluemobi.admin.dao.mybatis.CommentMapper">
	<resultMap type="comment" id="commentMap">
		<id column="id" property="id" />

	</resultMap>

	<sql id="sql_comment_col_list">
		ID,
	</sql>

	<select id="getCommentForPage" parameterType="java.util.Map"
		resultMap="commentMap">
		SELECT
		<include refid="sql_comment_col_list"></include>
		FROM
		T
		<where>
			<if test="userName!=null">AND user_Name = #{userName}</if>
			<if test="loginTime!=null">AND loginTime =#{loginTime}</if>
			<if test="loginIp!=null">AND loginIp =#{loginIp}</if>
			<if test="detpId!=null">AND detpId =#{detpId}</if>
			<if test="roleId!=null">AND roleId =#{roleId}</if>
		</where>
		LIMIT #{startNo},#{pageSize}
	</select>

	<select id="getCommentCount" parameterType="java.util.Map"
		resultType="java.lang.Long">
		SELECT
		COUNT(1)
		FROM
		T
		<where>
			<if test="userName!=null">AND user_Name = #{userName}</if>
			<if test="loginTime!=null">AND loginTime =#{loginTime}</if>
			<if test="loginIp!=null">AND loginIp =#{loginIp}</if>
			<if test="detpId!=null">AND detpId =#{detpId}</if>
			<if test="roleId!=null">AND roleId =#{roleId}</if>
		</where>
	</select>

</mapper>