<?xml version="1.0" encoding="UTF-8"?>
<!DOCTYPE mapper PUBLIC "-//mybatis.org//DTD Mapper 3.0//EN" "http://mybatis.org/dtd/mybatis-3-mapper.dtd">
<mapper namespace="cn.bluemobi.admin.dao.mybatis.ImageFileMapper">
	<resultMap type="imageFile" id="imageFileMap">
		<result column="ref_id" property="refId" />
		<result column="img_type" property="imgType" />
		<result column="img_name" property="imgName" />
		<result column="img_url" property="imgUrl" />
		<result column="img_sort" property="imgSort" />
		<result column="create_time" property="createTime" />
	</resultMap>

	<sql id="sql_imagefile_col_list">
		ref_id,img_type,img_name,img_url,img_sort,create_time
	</sql>

	<select id="getImageFile" parameterType="java.util.Map"
		resultMap="imageFileMap">
		SELECT
		<include refid="sql_imagefile_col_list"></include>
		FROM
		T_IMAGE_FILE
		WHERE ref_id=#{refId}
		AND img_type=#{imgType}
		ORDER
		BY
		IMG_SORT
	</select>

	<delete id="deleteImageFile" parameterType="java.util.Map">
		DELETE FROM
		T_IMAGE_FILE WHERE ref_id=#{refId}
		AND img_type=#{imgType}
		<if test="imgSort!=null">AND IMG_SORT=#{imgSort}</if>
	</delete>

	<update id="updateImageFile" parameterType="java.util.Map">
		UPDATE T_IMAGE_FILE
		<set>
			<if test="imgName!=null">img_name=#{imgName},</if>
			<if test="imgUrl!=null">img_url=#{imgUrl},</if>
			<if test="imgSort!=null">img_url=#{imgSort},</if>
		</set>
		WHERE ref_id=#{refId}
		AND img_type=#{imgType}
		<if test="imgSort!=null">AND IMG_SORT=#{imgSort}</if>
	</update>

	<insert id="addImageFile" parameterType="imageFile">
		INSERT INTO T_IMAGE_FILE (
		<include refid="sql_imagefile_col_list"></include>
		)
		VALUES(#{refId},#{imgType},#{imgName},#{imgUrl},#{imgSort},now());
	</insert>


</mapper>