<?xml version="1.0" encoding="UTF-8"?>
<!DOCTYPE mapper PUBLIC "-//mybatis.org//DTD Mapper 3.0//EN" "http://mybatis.org/dtd/mybatis-3-mapper.dtd">
<mapper namespace="cn.bluemobi.admin.dao.mybatis.LoginLogMapper">
	<resultMap type="loginLog" id="loginLogMap">
		<id column="id" property="id" />
		<result column="userName" property="userName" />
		<result column="loginTime" property="loginTime" />
		<result column="loginIp" property="loginIp" />
		<result column="deptName" property="deptName" />
		<result column="roleName" property="roleName" />

	</resultMap>


	<select id="getLoginLogForPage" parameterType="java.util.Map"
		resultMap="loginLogMap">
		SELECT L.ID,USER_NAME,LOGINTIME,LOGINIP,DEPTNAME,ROLE_NAME FROM
		T_LOGIN_LOG L JOIN T_SYS_USER U ON L.USER_ID=U.USER_ID JOIN
		T_SYS_DEPT D
		ON U.DEPTID=D.ID JOIN T_SYS_ROLE R ON
		U.ROLE_ID=R.ROLE_ID
		<where>
			<if test="userName!=null">AND user_Name = #{userName}</if>
			<if test="loginTime!=null">AND DATE(loginTime) =#{loginTime}</if>
			<if test="loginIp!=null">AND loginIp =#{loginIp}</if>
			<if test="deptId!=null">AND U.deptId =#{deptId}</if>
			<if test="roleId!=null">AND U.role_Id =#{roleId}</if>
		</where>
		ORDER BY LOGINTIME DESC
		LIMIT #{startNo},#{pageSize}
	</select>

	<select id="getLoginLogCount" parameterType="java.util.Map"
		resultType="java.lang.Long">
		SELECT COUNT(1) FROM
		T_LOGIN_LOG L JOIN T_SYS_USER U ON
		L.USER_ID=U.USER_ID JOIN
		T_SYS_DEPT D ON U.DEPTID=D.ID JOIN T_SYS_ROLE
		R ON
		U.ROLE_ID=R.ROLE_ID
		<where>
			<if test="userName!=null">AND user_Name = #{userName}</if>
			<if test="loginTime!=null">AND DATE(loginTime) =#{loginTime}</if>
			<if test="loginIp!=null">AND loginIp =#{loginIp}</if>
			<if test="deptId!=null">AND U.deptId =#{deptId}</if>
			<if test="roleId!=null">AND U.role_Id =#{roleId}</if>
		</where>
	</select>



</mapper>