<?xml version="1.0" encoding="UTF-8" ?>
<!DOCTYPE mapper PUBLIC "-//mybatis.org//DTD Mapper 3.0//EN" "http://mybatis.org/dtd/mybatis-3-mapper.dtd" >
<mapper namespace="cn.bluemobi.admin.dao.mybatis.LoginUserMapper">
	<resultMap id="loginUserMap" type="loginUser">
		<id column="id" property="id" />
		<result column="login_name" property="loginName" />
		<result column="login_pwd" property="loginPwd" />
		<result column="login_type" property="loginType" />
		<result column="tp_name" property="tpName" />
		<result column="registered_time" property="registeredTime" />
		<result column="last_active_time" property="lastActiveTime" />



	</resultMap>


	<sql id="sql_loginuser_col_list">
		id, login_name, login_pwd, login_type, tp_name, registered_time,
		last_active_time
	</sql>



</mapper>