<?xml version="1.0" encoding="UTF-8" ?>
<!DOCTYPE mapper PUBLIC "-//mybatis.org//DTD Mapper 3.0//EN" "http://mybatis.org/dtd/mybatis-3-mapper.dtd" >
<mapper namespace="cn.bluemobi.admin.dao.mybatis.MemberDetailMapper">
	<resultMap id="memberDetailMap" type="memberDetail">
		<id column="ID" property="id" />
		<result column="login_id" property="loginId" />
		<result column="nick_name" property="nickName" />
		<result column="gender" property="gender" />
		<result column="city_id" property="cityId" />
		<result column="contact_number" property="contactNumber" />
		<result column="last_mod_time" property="lastModTime" />
		<result column="login_name" property="loginName" />
		<result column="login_pwd" property="loginPwd" />
		<result column="login_type" property="loginType" />
		<result column="tp_name" property="tpName" />
		<result column="registered_time" property="registeredTime" />
		<result column="last_active_time" property="lastActiveTime" />
		<result column="state" property="state" />
	</resultMap>



	<select id="getMemberList" parameterType="java.util.Map"
		resultMap="memberDetailMap">
		SELECT
		ID, login_id, nick_name, gender, city_id, contact_number,
		last_mod_time, login_name, login_pwd, login_type, tp_name,
		registered_time, last_active_time,state
		FROM
		T_MEMBER_DETAIL
		,T_LOGIN_USER
		WHERE
		T_MEMBER_DETAIL.LOGIN_ID=T_LOGIN_USER.ID
		<where>
			<if test="loginName!=null">login_name like concat('%',#{loginName},'%')</if>
			<if test="nickName!=null">nick_name like concat('%',#{nickName},'%')</if>
			<if test="state!=null">state=${state}</if>
			<if test="registeredTime!=null">registered_Time=${registeredTime}</if>
		</where>
		ORDER BE REGISTERED_TIME
		LIMIT #{pageNo},#{pageSize}
	</select>

	<select id="getMembersCount" parameterType="java.util.Map"
		resultType="java.lang.Long">
		SELECT
		count(1)
		FROM
		T_MEMBER_DETAIL ,T_LOGIN_USER
		WHERE
		T_MEMBER_DETAIL.LOGIN_ID=T_LOGIN_USER.ID
		<where>
			<if test="loginName!=null">login_name like concat('%',#{loginName},'%')</if>
			<if test="nickName!=null">nick_name like concat('%',#{nickName},'%')</if>
			<if test="state!=null">state=${state}</if>
			<if test="registeredTime!=null">registered_Time=${registeredTime}</if>
		</where>
		ORDER BE REGISTERED_TIME
		LIMIT #{pageNo},#{pageSize}
	</select>

</mapper>