<?xml version="1.0" encoding="UTF-8"?>
<!DOCTYPE mapper PUBLIC "-//mybatis.org//DTD Mapper 3.0//EN" "http://mybatis.org/dtd/mybatis-3-mapper.dtd">
<mapper namespace="cn.bluemobi.admin.dao.mybatis.SysAuthMapper" >
	<resultMap id="sysAuthMap" type="sysAuth" >
		<id column="auth_id" property="authId" />
		<result column="auth_name" property="authName" />
		<result column="parent_id" property="parentId" />
		<result column="auth_type" property="authType" />
		<result column="auth_resource" property="authResource" />
		<result column="sort" property="sort" />
	</resultMap>
	
	<insert id="insertSysAuth" parameterType="sysAuth" useGeneratedKeys="true" keyProperty="authId" >
		insert into t_sys_auth (auth_name,parent_id,auth_type,auth_resource,sort) values (#{authName},#{parentId},#{authType},#{authResource},#{sort})
	</insert>
	
	<update id="updateSysAuth" parameterType="sysAuth" >
		update t_sys_auth 
		<set>
			<if test="authName != null">auth_name=#{authName},</if>
			<if test="parentId != null">parent_id=#{parentId},</if>
			<if test="authType != null">auth_type=#{authType},</if>
			<if test="authResource != null">auth_resource=#{authResource},</if>
			<if test="sort != null">sort=#{sort}</if>
		</set>
		where auth_id=#{authId} 
	</update>
	
	<select id="getSysAuth" resultMap="sysAuthMap" parameterType="long" >
		select * from t_sys_auth where auth_id=#{authId}
	</select>
	
	<delete id="deleteSysAuth" >
		delete from t_sys_auth where auth_id in 
		<foreach item="item" index="index" collection="array" open="(" separator="," close=")">
			#{item}
		</foreach>
	</delete>
	
	<select id="getAllSysAuth" resultMap="sysAuthMap">
		select * from t_sys_auth order by sort
	</select>
	
	<select id="getChildSysAuth" resultMap="sysAuthMap" parameterType="long" >
		select * from t_sys_auth where parent_id=#{authId} order by sort
	</select>
	
	<select id="getAuthByRoleId" parameterType="long" resultMap="sysAuthMap">
		select * from (select auth.*,roleAuth.role_id from t_sys_auth auth LEFT OUTER JOIN
		 t_sys_role_auth roleAuth on auth.auth_id=roleAuth.auth_id) vec where vec.role_id=#{roleId}
	</select>
	
</mapper>