<?xml version="1.0" encoding="UTF-8"?>
<!DOCTYPE mapper PUBLIC "-//mybatis.org//DTD Mapper 3.0//EN" "http://mybatis.org/dtd/mybatis-3-mapper.dtd">
<mapper namespace="cn.bluemobi.admin.dao.mybatis.SysBaseCodeMapper">
	<resultMap type="sysBaseCode" id="sysBaseCodeMap">
		<id column="id" property="id" />
		<result column="code" property="code" />
		<result column="codename" property="codeName" />
	</resultMap>

	<sql id="sql_sysbasecode_col_list">
		ID,CODE,CODENAME
	</sql>

	<select id="getAllBaseCode" resultMap="sysBaseCodeMap">
		SELECT
		<include refid="sql_sysbasecode_col_list"></include>
		FROM T_SYS_BASECODE
	</select>


</mapper>