<?xml version="1.0" encoding="UTF-8"?>
<!DOCTYPE mapper PUBLIC "-//mybatis.org//DTD Mapper 3.0//EN" "http://mybatis.org/dtd/mybatis-3-mapper.dtd">
<mapper namespace="cn.bluemobi.admin.dao.mybatis.SysCodeMapper">
	<resultMap type="sysCode" id="sysCodeMap">
		<id column="id" property="id" />
		<result column="codevalue" property="codeValue" />
		<result column="codelabel" property="codeLabel" />
		<result column="code" property="code" />
		<result column="sort" property="sort" />
		<result column="isuse" property="isUse" />
	</resultMap>

	<select id="getSysCodeByCode" resultMap="sysCodeMap"
		parameterType="java.util.Map">
		SELECT CODEVALUE,CODELABEL,SORT FROM T_SYS_CODE WHERE
		CODE=#{code} AND IS_USE=#{status} ORDER BY SORT
	</select>

</mapper>