<?xml version="1.0" encoding="UTF-8"?>
<!DOCTYPE mapper PUBLIC "-//mybatis.org//DTD Mapper 3.0//EN" "http://mybatis.org/dtd/mybatis-3-mapper.dtd">
<mapper namespace="cn.bluemobi.admin.dao.mybatis.SysRoleAuthMapper" >
	
	<insert id="insertSysRoleAuth" parameterType="sysRoleAuth" >
		insert into t_sys_role_auth (auth_id,role_id,check_type) values (#{authId},#{roleId},#{checkType})
	</insert>
	
	<insert id="insertSysRoleAuthList" parameterType="list" >
		insert into t_sys_role_auth (auth_id,role_id,check_type) values 
		<foreach collection="list" item="item" index="index" separator="," >  
       		(#{item.authId},#{item.roleId},#{item.checkType})  
    	</foreach>
	</insert>
	
	<delete id="deleteByRoleId" parameterType="long" >
		delete from t_sys_role_auth where role_id=#{roleId} 
	</delete>
	
	<select id="selectRoleAuth" parameterType="map" resultType="sysRoleAuth">
		select * from (select auth.auth_id,auth_name,parent_id,sort,role_id,check_type from
		 t_sys_auth auth LEFT OUTER JOIN (select * from t_sys_role_auth where role_id=#{roleId}) roleAuth on
		  auth.auth_id=roleAuth.auth_id) vec where vec.parent_id=#{authId} ORDER BY sort
	</select>
	
</mapper>