<?xml version="1.0" encoding="UTF-8"?>
<!DOCTYPE mapper PUBLIC "-//mybatis.org//DTD Mapper 3.0//EN" "http://mybatis.org/dtd/mybatis-3-mapper.dtd">
<mapper namespace="cn.bluemobi.admin.dao.mybatis.SysRoleMapper" >
	<resultMap id="sysRoleMap" type="sysRole" >
		<id column="role_id" property="roleId" />
		<result column="role_name" property="roleName" />
		<result column="role_desc" property="roleDesc" />
		<result column="role_code" property="roleCode" />
		<result column="is_admin" property="isAdmin" />
	</resultMap>
	
	<insert id="insertSysRole" parameterType="sysRole" useGeneratedKeys="true" keyProperty="roleId" >
		insert into t_sys_role (role_name,role_desc,role_code,is_admin) values (#{roleName},#{roleDesc},#{roleCode},#{isAdmin})
	</insert>
	
	<update id="updateSysRole" parameterType="sysRole" >
		update t_sys_role 
		<set>
			<if test="roleName != null">role_name=#{roleName},</if>
			<if test="roleDesc != null">role_desc=#{roleDesc},</if>
			<if test="roleCode != null">role_code=#{roleCode},</if>
			<if test="isAdmin != null">is_admin=#{isAdmin},</if>
		</set>
		where role_id=#{roleId} 
	</update>
	
	<select id="getSysRole" resultMap="sysRoleMap" parameterType="long" >
		select * from t_sys_role where role_id=#{roleId}
	</select>
	
	<delete id="deleteSysRole" parameterType="long" >
		delete from t_sys_role where role_id=#{roleId}
	</delete>
	
	<select id="getSysRoleForPage" resultMap="sysRoleMap" parameterType="map">
		select * from t_sys_role
		<where>
			<if test="roleName != null">
         		role_name like CONCAT('%',#{roleName},'%')
    		</if> 
		</where>
		LIMIT #{startNo},#{pageSize} 
	</select>
	
	<select id="getSysRoleCount" resultType="long" parameterType="map">
		select count(0) from t_sys_role
		<where>
			<if test="roleName != null">
         		role_name like CONCAT('%',#{roleName},'%')
    		</if> 
		</where>
	</select>
	
	<select id="getAllRole" resultMap="sysRoleMap">
		select * from t_sys_role
	</select>
	
</mapper>