<?xml version="1.0" encoding="UTF-8"?>
<!DOCTYPE mapper PUBLIC "-//mybatis.org//DTD Mapper 3.0//EN" "http://mybatis.org/dtd/mybatis-3-mapper.dtd">
<mapper namespace="cn.bluemobi.admin.dao.mybatis.SysUserMapper" >
	<resultMap id="sysUserMap" type="sysUser" >
		<id column="user_id" property="userId" />
		<result column="user_name" property="userName" />
		<result column="password" property="password" />
		<result column="real_name" property="realName" />
		<result column="status" property="status" />
		<result column="role_id" property="roleId" />
		<result column="last_login_date" property="lastLoginDate" />
		<result column="create_date" property="createDate" />
		
		<result column="role_code" property="roleCode" />
		<result column="role_name" property="roleName" />
		<result column="is_admin" property="isAdmin" />
		<result column="phone" property="phone" />
	</resultMap>
	
	<insert id="insertSysUser" parameterType="sysUser" useGeneratedKeys="true" keyProperty="userId" >
		insert into t_sys_user (user_id,user_name,password,real_name,status,role_id,last_login_date,create_date,phone) values (f_getUUID(),#{userName},#{password},#{realName},#{status},#{roleId},#{lastLoginDate},#{createDate},#{phone})
	</insert>
	
	<update id="updateSysUser" parameterType="sysUser" >
		update t_sys_user 
		<set>
			<if test="userName != null">user_name=#{userName},</if>
			<if test="password != null">password=#{password},</if>
			<if test="realName != null">real_name=#{realName},</if>
			<if test="status != null">status=#{status},</if>
			<if test="roleId != null">role_id=#{roleId},</if>
			<if test="lastLoginDate != null">last_login_date=#{lastLoginDate},</if>
			<if test="createDate != null">create_date=#{createDate},</if>
		</set>
		where user_id=#{userId} 
	</update>
	
	<update id="updateSysUserRoleToNull" parameterType="long">
		update t_sys_user set role_id=null where role_id=#{roleId}
	</update>
	
	<update id="updateSysUserByUserName" parameterType="sysUser"> 
		update t_sys_user 
		<set>
			<if test="password != null">password=#{password},</if>
			<if test="realName != null">real_name=#{realName},</if>
			<if test="status != null">status=#{status},</if>
			<if test="roleId != null">role_id=#{roleId},</if>
			<if test="lastLoginDate != null">last_login_date=#{lastLoginDate},</if>
			<if test="createDate != null">create_date=#{createDate},</if>
		</set>
		where user_name=#{userName}
	</update>
	
	<select id="getSysUser" resultMap="sysUserMap" parameterType="String" >
		select * from t_sys_user where user_id=#{userId}
	</select>
	
	<delete id="deleteSysUser" parameterType="String" >
		delete from t_sys_user where user_id=#{userId}
	</delete>
	
	<select id="getSysUserByName" resultMap="sysUserMap" parameterType="string" >
		select sys_user.*,sys_role.role_code from t_sys_user sys_user,t_sys_role sys_role where user_name =#{userName}
		 and sys_user.role_id=sys_role.role_id
	</select>
	
	<select id="getSysUsersByPage" resultMap="sysUserMap" parameterType="map">
		select * from (select suser.*,srole.role_name,srole.is_admin from t_sys_user suser LEFT OUTER JOIN
		 t_sys_role srole on suser.role_id = srole.role_id where suser.role_id != 14) vec 
		<where>
			<if test="userName != null">
				and user_name like CONCAT('%',#{userName},'%')
			</if>
			<if test="realName != null">
				and real_name like CONCAT('%',#{realName},'%')
			</if>
		</where>
		LIMIT #{startNo},#{pageSize}
	</select>
	
	<select id="getSysUsersCount" resultType="long" parameterType="map" >
		select count(0) from (select suser.*,srole.role_name from t_sys_user suser LEFT OUTER JOIN
		 t_sys_role srole on suser.role_id = srole.role_id) vec 
		<where>
			<if test="userName != null">
				and user_name like CONCAT('%',#{userName},'%')
			</if>
			<if test="realName != null">
				and real_name like CONCAT('%',#{realName},'%')
			</if>
		</where>
	</select>
	
	<!-- 加载负责人列表 -->
	<select id="getAllAvailableUsers" resultMap="sysUserMap" parameterType="java.util.Map">
		SELECT USER_ID,USER_NAME FROM T_SYS_USER WHERE STATUS=#{status}
	</select>
	
</mapper>